{"cameraMode":{"drawMode":0,"name":"Shaded","section":"Shading Mode"},"sceneLighting":true,"audioPlay":false,"sceneViewState":{"showFog":false,"showMaterialUpdate":false,"showSkybox":false,"showFlares":false,"showImageEffects":true,"showParticleSystems":true},"in2DMode":false,"pivot":{"x":-1.9255229234695435,"y":0.06064772605895996,"z":-1.976121187210083},"rotation":{"x":-0.2804325222969055,"y":0.22674605250358582,"z":-0.06835830211639404,"w":-0.9302009344100952},"size":4.466025352478027,"orthographic":false}